bowler,player_dismissed
SL Malinga,170
A Mishra,142
DJ Bravo,137
Harbhajan Singh,136
PP Chawla,133
R Vinay Kumar,125
A Nehra,121
Z Khan,119
B Kumar,117
R Ashwin,110
SP Narine,109
UT Yadav,107
P Kumar,102
DW Steyn,100
SR Watson,100
RP Singh,100
IK Pathan,99
PP Ojha,99
JA Morkel,96
MM Sharma,91
RA Jadeja,89
M Morkel,88
L Balaji,85
AB Dinda,82
R Bhatia,82
MM Patel,82
DS Kulkarni,81
JP Faulkner,76
Sandeep Sharma,76
JH Kallis,74
SK Trivedi,73
YS Chahal,72
KA Pollard,67
M Muralitharan,67
MG Johnson,64
CH Morris,62
AR Patel,61
JD Unadkat,60
SK Warne,60
I Sharma,59
MJ McClenaghan,56
KV Sharma,54
JJ Bumrah,53
SB Jakati,50
Imran Tahir,50
A Kumble,49
S Aravind,48
Shakib Al Hasan,48
RJ Harris,47
Iqbal Abdulla,45
YK Pathan,45
DE Bollinger,43
P Awana,43
S Sreesanth,43
MC Henriques,42
R Sharma,42
PJ Sangwan,41
VR Aaron,40
MA Starc,39
MS Gony,39
NM Coulter-Nile,39
S Nadeem,39
Yuvraj Singh,39
M Kartik,39
DP Nannes,38
NLTC Perera,37
HV Patel,37
KK Cooper,36
AD Russell,36
P Negi,34
DL Vettori,34
AB Agarkar,33
MF Maharoof,33
DT Christian,32
A Singh,31
WD Parnell,31
Azhar Mahmood,31
SK Raina,30
Harmeet Singh,30
B Lee,30
PV Tambe,28
AD Mathews,28
Mohammed Shami,27
DR Smith,27
J Botha,27
STR Binny,27
SW Tait,26
RE van der Merwe,25
GB Hogg,25
TG Southee,25
Sohail Tanvir,24
BW Hilfenhaus,23
S Kaul,23
A Symonds,23
JP Duminy,23
Bipul Sharma,22
WPUJC Vaas,22
VY Mahesh,22
KW Richardson,20
MR Marsh,20
R Dhawan,20
Anureet Singh,19
CH Gayle,19
Mustafizur Rahman,19
IC Pandey,19
Kuldeep Yadav,19
A Zampa,19
A Ashish Reddy,19
AD Mascarenhas,19
PJ Cummins,19
CRD Fernando,19
BJ Hodge,18
CR Woakes,18
Rashid Khan,18
LR Shukla,17
D Wiese,17
R Rampaul,17
KH Pandya,17
AC Thomas,16
TA Boult,16
RG Sharma,16
ST Jayasuriya,16
VRV Singh,16
RR Powar,15
SJ Srivastava,15
YA Abdulla,15
AN Ahmed,15
Basil Thampi,15
BB Sran,14
Umar Gul,14
Karanveer Singh,14
BA Stokes,14
DJG Sammy,14
SN Thakur,14
R McLaren,14
AB McDonald,14
JR Hopes,14
CJ Jordan,14
Kamran Khan,14
GD McGrath,14
JDP Oram,13
RS Bopara,13
SM Pollock,13
J Theron,13
Joginder Sharma,13
CK Langeveldt,13
BA Bhatt,13
V Pratap Singh,12
AJ Tye,12
AG Murtaza,12
Ankit Sharma,12
GJ Maxwell,12
SC Ganguly,12
MP Stoinis,11
S Badree,11
KP Appanna,11
JD Ryder,11
Pankaj Singh,11
A Chandila,11
BE Hendricks,11
DJ Hussey,10
Mohammed Siraj,10
HH Pandya,10
Anand Rajan,10
J Syed Mohammad,10
MN Samuels,10
CR Brathwaite,10
J Suchith,10
T Thushara,10
KP Pietersen,9
AM Nayar,9
SE Bond,9
Mohammad Asif,9
BCJ Cutting,9
SMSM Senanayake,9
Washington Sundar,9
P Parameswaran,9
CJ Anderson,9
Shahid Afridi,9
SB Styris,9
JEC Franklin,9
BAW Mendis,9
A Mithun,8
S Randiv,8
JO Holder,8
M Ntini,8
K Rabada,8
AA Chavan,8
R Tewatia,8
KC Cariappa,8
AS Rajpoot,8
TL Suman,7
PC Valthaty,7
S Gopal,7
AM Salvi,7
P Amarnath,7
Y Venugopal Rao,7
RR Raje,7
R Shukla,7
B Akhil,7
M Ashwin,7
M de Lange,6
Jaskaran Singh,6
DJ Hooda,6
JE Taylor,6
VS Malik,6
R Sathish,6
S Kaushik,6
V Sehwag,6
S Narwal,6
FH Edwards,6
RV Gomez,6
KMDN Kulasekara,6
SB Bangar,6
S Tyagi,6
TM Dilshan,5
Shoaib Akhtar,5
S Ladda,5
AF Milne,5
L Ablish,5
TS Mills,5
PD Collingwood,5
SB Wagh,5
A Choudhary,5
V Kohli,5
Gurkeerat Singh,5
AP Dole,5
LH Ferguson,5
Shoaib Ahmed,5
D du Preez,4
DJ Muthuswami,4
S Dhawan,4
C de Grandhomme,4
DP Vijaykumar,4
J Yadav,4
WA Mota,4
Ankit Soni,4
Parvez Rasool,4
Y Nagar,4
Shivam Sharma,4
P Sahu,3
MJ Clarke,3
Gagandeep Singh,3
JM Kemp,3
K Santokie,3
RN ten Doeschate,3
RJ Peterson,3
DJ Thornely,3
SM Boland,3
JJ van der Wath,3
JW Hastings,3
T Shamsi,3
A Uniyal,3
Sachin Baby,3
AL Menaria,3
DAJ Bracewell,3
SM Harwood,3
TM Head,3
R Ninan,3
B Geeves,2
DNT Zoysa,2
SD Chitnis,2
T Natarajan,2
MJ Henry,2
ND Doshi,2
B Stanlake,2
A Flintoff,2
LJ Wright,2
P Suyal,2
MA Khote,2
D Kalyankrishna,2
C Nanda,2
Shoaib Malik,2
KJ Abbott,2
Mohammad Nabi,2
RD Chahar,2
Mohammad Hafeez,2
DB Ravi Teja,1
Swapnil Singh,1
AA Noffke,1
CL White,1
AA Kazi,1
AA Jhunjhunwala,1
D Salunkhe,1
SS Sarkar,1
SS Mundhe,1
SS Agarwal,1
CJ McKay,1
NB Singh,1
LA Carseldine,1
SB Joshi,1
LMP Simmons,1
Mashrafe Mortaza,1
MK Tiwary,1
GS Sandhu,1
GR Napier,1
GH Vihari,1
AM Rahane,1
FY Fazal,1
JDS Neesham,1
PM Sarvesh Kumar,1
AJ Finch,1
BMAJ Mendis,1
DL Chahar,1
T Henderson,1
RG More,1
Avesh Khan,1
TP Sudhindra,1
S Vidyut,1
Harmeet Singh (2),1
AC Gilchrist,1
B Laughlin,1
A Nel,1
AC Voges,1
Y Gnaneswara Rao,0
CK Kapugedera,0
V Shankar,0
C Ganapathy,0
B Chipli,0
Tejas Baroka,0
C Munro,0
VS Yeligati,0
AS Raut,0
Sunny Gupta,0
RA Tripathi,0
AUK Pathan,0
N Rana,0
NJ Rimmington,0
NL McCullum,0
MG Neser,0
Abdur Razzak,0
P Prasanth,0
MB Parmar,0
F du Plessis,0
M Vijay,0
M Manhas,0
LRPL Taylor,0
LPC Silva,0
RA Shaikh,0
RR Bhatkal,0
K Goel,0
RR Bose,0
RS Gavaskar,0
RW Price,0
DJ Harris,0
BJ Rohrer,0
S Rana,0
I Malhotra,0
SA Abbott,0
SA Yadav,0
KS Williamson,0
KAJ Roach,0
K Upadhyay,0
SPD Smith,0
SR Tendulkar,0
S Sriram,0
